,Entity,Year,CM,HE,Population,LE,GDP,OE,CM_%,HE_%,OE_%
2600,Australia,2000,0.619999981,2155.341553,18991434,79.23414612,38217.44922,20.99713898,0.0619999981,5.63967924858801,1.1841712898522438
2601,Austria,2000,0.55,2708.029541,8069276,78.12683105,46469.85938,17.82221985,0.05500000000000001,5.827496741179077,1.0385892809645205
2602,Belgium,2000,0.580000019,2226.144287,10282046,77.72195435,43024.14063,20.22722816,0.0580000019,5.174174903676629,1.046592163164132
2603,Canada,2000,0.619999981,2429.605713,30588379,79.13658905,37194.39453,16.60520935,0.0619999981,6.532182453031586,1.0846825714498602
2604,Denmark,2000,0.569999981,2327.757813,5341192,76.59268188,48907.01172,15.35643196,0.056999998100000004,4.759558458256995,0.7308983562386605
2605,Finland,2000,0.430000019,1896.237793,5187953,77.46585083,39894.19531,21.62706375,0.0430000019,4.753167166965474,1.027970493343692
2606,Germany,2000,0.54000001,2692.238037,81400883,77.92682648,42928.17969,12.28860092,0.054000001,6.271493588690763,0.770678818837594
2608,Iceland,2000,0.40999999,2667.52124,280439,79.65365601,41530.51563,19.42706871,0.040999998999999995,6.42303905823189,1.2478082111128463
2609,Ireland,2000,0.70999999,1795.642944,3783095,76.53658295,47996.98047,12.11709023,0.07099999900000001,3.741158144567755,0.4533195080242688
2610,Israel,2000,0.69000001,1793.571777,5945949,78.95365906,29950.31836,29.48983002,0.06900000099999999,5.988489856573264,1.7659954794683974
2611,Japan,2000,0.45,1908.959961,127524168,81.07609558,36323.09375,15.91636372,0.045,5.255499363954922,0.8364843940693519
2613,Luxembourg,2000,0.45,3287.651611,436106,77.87316895,99301.52344,14.25088024,0.045,3.3107766095718216,0.4718148096440127
2614,Malta,2000,0.780000019,1211.157349,393649,78.34877777,27482.88867,26.37362862,0.0780000019,4.406950679540776,1.1622728056886509
2615,Netherlands,2000,0.619999981,2466.850098,15926188,77.98780823,47422.20313,11.03255558,0.0619999981,5.201888430272935,0.5739012322794511
2616,New Zealand,2000,0.74000001,1606.595337,3858992,78.63658905,32837.09766,15.36159515,0.074000001,4.892622830540377,0.7515849114440832
2617,Norway,2000,0.49000001,2857.773438,4499375,78.63414764,57127.38281,17.94157219,0.049000000999999994,5.002458186303879,0.8975196467702752
2618,Singapore,2000,0.39000001,1465.142578,4028872,77.95121765,56106.73047,48.17884445,0.039000001,2.6113490587076797,1.2581178010413123
2619,Slovenia,2000,0.55,1406.265137,1987710,75.4121933,26276.94531,13.2732687,0.05500000000000001,5.3517070588293585,0.7103464579552878
2620,South Korea,2000,0.75,716.9293823,47379237,75.90975952,22963.63867,43.63845444,0.075,3.1220199577369505,1.3624012568647463
2621,Sweden,2000,0.40999999,2173.662598,8881642,79.64390564,40625.36328,14.46247673,0.040999998999999995,5.350506241676124,0.773815720139607
2622,Switzerland,2000,0.55999999,3362.197998,7143764,79.68048859,59389.42578,31.04061699,0.055999999,5.661273793848088,1.757294315103627
2623,United Kingdom,2000,0.65,1904.535645,58923305,77.74146271,38915.19922,17.71292305,0.065,4.894066285599758,0.8668821951842783
2624,United States,2000,0.839999962,4543.436035,281710914,76.63658905,50124.89063,15.11238384,0.0839999962,9.064231318802578,1.36982142904294
2625,World,2000,7.580000305,598.5001221,6143776621,67.54895782,11097.31543,19.2780571,0.7580000305000001,5.393197353677456,1.039703665357629
2626,Australia,2001,0.60999999,2279.328369,19194676,79.63414764,38474.15234,20.43909645,0.060999999,5.924310817447888,1.2108756019759574
2627,Austria,2001,0.54000001,2761.801025,8097755,78.5756073,46878.91797,18.46295738,0.054000001,5.891349767858134,1.087717396746376
2628,Belgium,2001,0.55999999,2352.505615,10319026,77.97316742,43347.89063,19.58826447,0.055999999,5.4270359660174305,1.0630621579055137
2629,Canada,2001,0.619999981,2617.796631,30880072,79.3390274,37309.64844,15.92599487,0.0619999981,7.016406587721791,1.1174325532189144
2630,Denmark,2001,0.55999999,2492.487305,5358059,76.79268646,49133.22266,15.11594772,0.055999999,5.072916389482359,0.7668193893134648
2631,Finland,2001,0.419999981,2011.47583,5200475,77.96585083,40842.33984,21.2191143,0.0419999981,4.924976967235382,1.0450364919263493
2632,Germany,2001,0.519999981,2818.601074,81453894,78.32926941,43576.63672,12.28204536,0.0519999981,6.468147351781214,0.7944207916974074
2634,Iceland,2001,0.39000001,2822.078613,282910,80.69024658,42626.92188,19.47368622,0.039000001,6.620413786724963,1.2892386072924396
2635,Ireland,2001,0.69000001,2100.944092,3842253,77.13414764,49744.625,10.64706802,0.06900000099999999,4.223459503413686,0.4496746061256094
2636,Israel,2001,0.65999999,1913.08313,6060679,79.40731812,29282.52539,30.33019829,0.065999999,6.533190373851154,1.9815295950522471
2637,Japan,2001,0.430000019,2012.817505,127713824,81.41707611,36375.58594,15.78570175,0.0430000019,5.533429779853053,0.8734907215932844
2639,Luxembourg,2001,0.419999981,3604.035889,440197,77.8243866,101143.1484,13.6576767,0.0419999981,3.5633020585307387,0.48666427499857307
2640,Malta,2001,0.75,1301.602905,396324,78.84390259,26956.81055,29.66666603,0.075,4.828475173595788,1.432447604092125
2641,Netherlands,2001,0.60999999,2685.192383,16018112,78.19024658,48160.78516,10.4662714,0.060999999,5.575474681484616,0.5835443120024654
2642,New Zealand,2001,0.719999981,1693.045532,3907941,78.69268036,33775.23438,16.98616219,0.0719999981,5.012683296144753,0.8514625147541859
2643,Norway,2001,0.469999981,3037.714111,4523139,78.78536224,58018.3125,16.9568634,0.0469999981,5.235785013567914,0.8878249126683827
2644,Singapore,2001,0.35999999,1384.789185,4077150,78.2512207,54029.73438,55.58973694,0.035999999000000005,2.5630131276614283,1.4247722554046545
2645,Slovenia,2001,0.519999981,1494.484863,1987457,75.75853729,27079.47461,12.90347862,0.0519999981,5.518884263907068,0.7121280510557928
2646,South Korea,2001,0.70999999,866.6920776,47706226,76.4121933,23893.89648,39.20520782,0.07099999900000001,3.6272530029811194,1.4220720779759384
2647,Sweden,2001,0.40999999,2368.908203,8897802,79.79512024,41103.72656,16.87992668,0.040999998999999995,5.763244360683582,0.9728314224726236
2648,Switzerland,2001,0.55,3591.506104,7179174,80.18048859,59944.77734,30.11981773,0.05500000000000001,5.991357818595911,1.8045860545131924
2649,United Kingdom,2001,0.64000001,2102.662842,59124277,77.99268341,39569.15234,17.89385605,0.064000001,5.313894075700081,0.9508605565552507
2650,United States,2001,0.830000019,4894.280762,284607992,76.836586,50126.71875,14.41044331,0.0830000019,9.76381635193307,1.4070092202878253
2651,World,2001,7.319999695,639.7196655,6222912459,67.82174683,11206.16016,18.94212341,0.7319999695,5.708642892535636,1.0813381817402938
2652,Australia,2002,0.6,2438.218262,19401366,79.93658447,39533.22266,19.92001152,0.06,6.16751708548923,1.2285701139274228
2653,Austria,2002,0.530000019,2935.818604,8134403,78.67804718,47419.27734,18.61328697,0.0530000019,6.19119220849771,1.1523843726319596
2654,Belgium,2002,0.54000001,2524.578613,10364879,78.0756073,43890.59766,20.87109566,0.054000001,5.7519804869296465,1.2005013497716204
2655,Canada,2002,0.619999981,2758.297852,31178260,79.490242,38169.10547,15.9083395,0.0619999981,7.226519505855215,1.1496192570251702
2656,Denmark,2002,0.55,2670.243164,5372798,76.89511871,49204.89844,14.72838497,0.05500000000000001,5.426783203822827,0.7992775217463257
2657,Finland,2002,0.40999999,2176.567871,5213368,78.11951447,41439.01953,20.74457169,0.040999998999999995,5.252459869192277,1.0896003030530723
2658,Germany,2002,0.50999999,2973.188965,81535124,78.22927094,43417.30859,12.57544136,0.050999999,6.847934755874742,0.8611580195960872
2660,Iceland,2002,0.370000005,3110.162598,285329,80.50244141,42484.51563,18.56656265,0.0370000005,7.320696851263595,1.3592017673064327
2661,Ireland,2002,0.65,2369.668945,3907995,77.63414764,51797.42578,10.46707439,0.065,4.5748778232044405,0.4788558650064216
2662,Israel,2002,0.64000001,1920.094727,6169311,79.45121765,28642.44531,27.84285927,0.064000001,6.703668999691284,1.866493125510661
2663,Japan,2002,0.40999999,2097.134277,127893075,81.56341553,36306.33203,15.978508,0.040999998999999995,5.776221831682511,0.9229540674731366
2665,Luxembourg,2002,0.4,3979.253662,443727,77.96585083,103317.3281,13.8617382,0.04,3.8514871950119662,0.5338830717790822
2666,Malta,2002,0.730000019,1515.568604,398720,78.7390213,27442.9707,28.73563194,0.0730000019,5.522611311172663,1.5869572598553847
2667,Netherlands,2002,0.59000001,2987.452637,16110355,78.29268646,47958.33203,9.812932968,0.059000001,6.229267179540814,0.6112738127259644
2668,New Zealand,2002,0.7,1834.470825,3963202,78.84634399,34745.16406,16.05667496,0.07,5.279787488791612,0.8477583156540156
2669,Norway,2002,0.45999999,3429.115723,4546017,78.98780823,58540.84375,16.82538414,0.045999999,5.857646564925023,0.9855715361121496
2670,Singapore,2002,0.34000001,1541.760864,4104407,78.55121613,55634.71875,53.08752823,0.034000001,2.771220738848437,1.4711725920517786
2671,Slovenia,2002,0.49000001,1624.022339,1987265,76.00731659,27994.0625,12.55521584,0.049000000999999994,5.801309970641096,0.7283669883614303
2672,South Korea,2002,0.680000019,884.5716553,47999551,76.76585388,25591.39844,38.63632584,0.0680000019,3.4565194136377957,1.335472103375956
2673,Sweden,2002,0.4,2543.59668,8920703,79.84634399,41870.25781,16.50955009,0.04,6.074948693992768,1.0029466975765369
2674,Switzerland,2002,0.54000001,3839.387451,7220378,80.38536835,59489.75,29.04967117,0.054000001,6.453863818556978,1.8748262170504075
2675,United Kingdom,2002,0.630000019,2307.854736,59326294,78.14390564,40238.58594,17.2661705,0.0630000019,5.735427033746306,0.9902886105497296
2676,United States,2002,0.819999981,5322.742188,287279312,76.93658447,50528.78906,14.32713127,0.0819999981,10.534078269082508,1.5092312216959947
2677,World,2002,7.05,678.0507202,6302062210,68.07013702,11363.83203,18.66885567,0.705,5.966743598550004,1.1139227506122646
2678,Australia,2003,0.59000001,2561.601074,19624163,80.2390213,40262.91406,19.14758873,0.059000001,6.362184987859272,1.2182050157170936
2679,Austria,2003,0.519999981,3073.730713,8175855,78.63170624,47633.11328,18.88836861,0.0519999981,6.452928438525109,1.2188529096081397
2680,Belgium,2003,0.519999981,2851.01123,10419029,78.12926483,44160.91016,21.12304306,0.0519999981,6.455961210198029,1.3636954663670267
2681,Canada,2003,0.619999981,2927.970947,31488046,79.74146271,39268.21094,15.2514801,0.0619999981,7.4563390511317245,1.1372020665718838
2682,Denmark,2003,0.54000001,2744.903564,5386968,77.14390564,49262.64453,14.55719471,0.054000001,5.5719776926072395,0.811123641910601
2683,Finland,2003,0.4,2297.541992,5227106,78.36829376,42168.69531,20.33722687,0.04,5.448454060790338,1.1080644632506587
2684,Germany,2003,0.5,3107.751709,81614371,78.38048553,43089.47266,12.8403635,0.05,7.2123224471134675,0.9260884190014644
2686,Iceland,2003,0.35,3195.446533,287955,80.96341705,43095.35547,17.38764763,0.035,7.414828113494616,1.2892641847446202
2687,Ireland,2003,0.6,2560.674561,3980077,78.13902283,52494.20313,13.14827919,0.06,4.878013967863426,0.6413748954218802
2688,Israel,2003,0.60999999,1799.223022,6278374,79.64878082,28453.25391,28.62854576,0.060999999,6.3234350197383105,1.810307488229647
2689,Japan,2003,0.4,2195.607178,128058368,81.76000214,36784.88281,16.88677597,0.04,5.9687757858049295,1.0079337951004854
2691,Luxembourg,2003,0.379999995,4217.793457,447317,77.72682953,104743.0,13.25509262,0.0379999995,4.026802227356482,0.5337563648603246
2692,Malta,2003,0.719999981,1656.136597,400858,78.54634094,28373.77734,28.83597946,0.0719999981,5.8368562534155695,1.6831146703446391
2693,Netherlands,2003,0.569999981,3095.840576,16200948,78.49268341,47806.88281,9.604377747,0.056999998100000004,6.475721473629374,0.62195275217096
2694,New Zealand,2003,0.69000001,1852.587402,4022074,79.14633942,35616.11328,15.37909985,0.06900000099999999,5.201542873125095,0.799950472198467
2695,Norway,2003,0.44000001,3562.472168,4570096,79.39024353,58728.15625,16.59880066,0.044000001,6.066037818103646,1.0068895253872374
2696,Singapore,2003,0.320000005,1752.514038,4129227,79.03902435,59022.10156,48.45797729,0.0320000005,2.969250486986556,1.4388387266671598
2697,Slovenia,2003,0.469999981,1708.695068,1987855,76.85853577,28805.38477,12.48665047,0.0469999981,5.9318598992628555,0.7406906119910469
2698,South Korea,2003,0.64000001,969.53479,48260901,77.21463776,26260.36914,38.73109055,0.064000001,3.692007468863783,1.429954755878395
2699,Sweden,2003,0.39000001,2648.550293,8951439,80.09512329,42678.28516,15.88181114,0.039000001,6.205849843944385,0.985601351847232
2700,Switzerland,2003,0.530000019,3936.012695,7268363,80.53658295,59022.35156,28.62252808,0.0530000019,6.668681594291936,1.908745261892001
2701,United Kingdom,2003,0.619999981,2458.642578,59561429,78.44634247,41265.17578,16.50909996,0.0619999981,5.95815365262937,0.9836375422829738
2702,United States,2003,0.810000038,5732.229492,289815567,77.03658295,51529.72656,14.15007973,0.0810000038,11.124121695708062,1.5740720892049187
2703,World,2003,6.780000305,716.9776001,6381477292,68.32601929,11639.66797,18.55727768,0.6780000305,6.159777082541642,1.1430869376762551
2704,Australia,2004,0.580000019,2753.679688,19879654,80.490242,41472.53906,19.21869659,0.0580000019,6.639766337952302,1.276076546776007
2705,Austria,2004,0.50999999,3288.346436,8216809,79.18048859,48633.27344,19.30190468,0.050999999,6.761515734812523,1.305101322056715
2706,Belgium,2004,0.50999999,3008.062256,10480118,78.87805176,45540.46875,20.2767334,0.050999999,6.6052509747168555,1.3393291305442383
2707,Canada,2004,0.60999999,3086.56543,31815490,79.89268494,40426.23047,15.2878685,0.060999999,7.63505623481397,1.167237357079411
2708,Denmark,2004,0.519999981,2968.252441,5402754,77.49268341,50446.54297,14.87114143,0.0519999981,5.883956097378539,0.8750114329202711
2709,Finland,2004,0.39000001,2505.795654,5242175,78.71463776,43724.96484,19.85958481,0.039000001,5.730812278910457,1.138115524832116
2710,Germany,2004,0.49000001,3175.912354,81646474,78.68048859,43605.27734,14.02402973,0.049000000999999994,7.2833210742743555,1.021415112787591
2712,Iceland,2004,0.34000001,3330.78125,291102,80.99755859,46051.74219,17.70444489,0.034000001,7.232693252424377,1.2805081909382225
2713,Ireland,2004,0.55999999,2822.845459,4058131,78.53902435,55040.82031,12.21867085,0.055999999,5.128639876915381,0.6266516256421356
2714,Israel,2004,0.580000019,1885.404419,6396511,80.14633942,29328.70508,28.72549057,0.0580000019,6.4285293669024135,1.8466265970792337
2715,Japan,2004,0.39000001,2315.775146,128204183,82.03024292,37576.39063,16.58894539,0.039000001,6.162846157318649,1.0223511835073043
2717,Luxembourg,2004,0.35,4737.710938,451822,79.12194824,107634.8359,12.77582836,0.035,4.401652028718335,0.5623475081935123
2718,Malta,2004,0.70999999,1738.628662,402820,79.25366211,28223.38281,28.17258835,0.07099999900000001,6.16024193026208,1.7354996003768302
2719,Netherlands,2004,0.55,3264.572266,16287183,79.09512329,48586.70313,9.960484505,0.05500000000000001,6.719065208572014,0.6692514489806615
2720,New Zealand,2004,0.669999981,1984.979736,4080421,79.54878235,36504.19922,14.10670567,0.0669999981,5.43767505770258,0.7670768156811056
2721,Norway,2004,0.419999981,3762.128662,4598210,79.84146118,60699.56641,16.76214218,0.0419999981,6.197949811681365,1.0389091596790727
2722,Singapore,2004,0.3,1706.291138,4177202,79.490242,64011.42578,51.00744247,0.03,2.6656040186705554,1.3596564363013919
2723,Slovenia,2004,0.44000001,1806.14917,1990226,77.20731354,30041.81445,12.16907501,0.044000001,6.012117453844403,0.7316190826476275
2724,South Korea,2004,0.6,1034.135742,48493434,77.66585541,27515.95117,38.02526474,0.06,3.7583136254707923,1.429108705844761
2725,Sweden,2004,0.370000005,2755.768311,8990653,80.49755859,44354.39063,16.28187943,0.0370000005,6.213067684749296,1.011604189335173
2726,Switzerland,2004,0.519999981,4119.041992,7323728,81.0878067,60271.93359,28.75733757,0.0519999981,6.834096314247681,1.965304146947134
2727,United Kingdom,2004,0.60999999,2685.32373,59872760,78.74633789,41997.60547,15.21292496,0.060999999,6.3939924668281325,0.9727132759266167
2728,United States,2004,0.810000038,6097.287598,292354663,77.48780823,52994.55078,13.97764206,0.0810000038,11.50549916596538,1.6081974906349263
2729,World,2004,6.540000153,757.2509766,6461454653,68.6525116,12079.05566,18.53862381,0.6540000153,6.269123993754326,1.1622093133845623
2730,Australia,2005,0.569999981,2841.891357,20178543,80.84146118,42222.27344,19.64301491,0.056999998100000004,6.730787154411456,1.322129524301407
2731,Austria,2005,0.49000001,3381.659912,8253656,79.33171082,49387.02734,19.18325996,0.049000000999999994,6.847263530803958,1.313528363260398
2732,Belgium,2005,0.49000001,3082.290039,10546885,78.98048401,46342.1875,20.34818459,0.049000000999999994,6.651153528305068,1.353388997303813
2733,Canada,2005,0.60999999,3290.419678,32164313,80.19268036,42046.87109,15.36829281,0.060999999,7.825599367327382,1.2026610249083796
2734,Denmark,2005,0.5,3109.049072,5421701,77.84390259,51483.27344,14.70920753,0.05,6.038949865189458,0.8882816683033725
2735,Finland,2005,0.370000005,2649.95752,5258933,78.81707001,44786.91016,19.57610703,0.0370000005,5.91681254753476,1.1582815570698741
2736,Germany,2005,0.469999981,3277.212158,81602739,78.93170929,43949.28906,14.12018967,0.0469999981,7.456803575425116,1.052914808169368
2738,Iceland,2005,0.320000005,3359.114014,294976,81.50244141,48104.65234,17.58861542,0.0320000005,6.982929614079818,1.2282006348697894
2739,Ireland,2005,0.519999981,3128.888184,4141218,78.94390106,56943.82813,13.55300426,0.0519999981,5.494692377999069,0.7446958920641091
2740,Israel,2005,0.55999999,1877.496216,6529470,80.15122223,30014.61328,30.24324989,0.055999999,6.2552737177895095,1.8917980617745749
2741,Japan,2005,0.370000005,2453.009521,128326115,81.92512512,38250.63672,15.67343521,0.0370000005,6.412990034535561,1.0051358380866877
2743,Luxembourg,2005,0.34000001,4941.683105,457848,79.43170929,108632.3594,12.92818832,0.034000001,4.548997308255094,0.5881029386829495
2744,Malta,2005,0.7,1938.25708,404659,79.30000305,28992.94531,28.85906029,0.07,6.6852713971473365,1.929306503052875
2745,Netherlands,2005,0.530000019,3425.701416,16367153,79.34634399,49467.43359,9.884864807,0.0530000019,6.925165037655232,0.6845432016338502
2746,New Zealand,2005,0.65999999,2123.63501,4135353,79.85121918,37293.21484,14.07014275,0.065999999,5.694427308321591,0.8012140510758304
2747,Norway,2005,0.40999999,3995.396729,4632359,80.04146576,61870.36328,16.71413231,0.040999998999999995,6.4576907540019866,1.0793469767945285
2748,Singapore,2005,0.29000001,1781.323364,4265693,79.990242,67125.5625,49.99448395,0.029000000999999997,2.6537183416526307,1.3267127903957305
2749,Slovenia,2005,0.419999981,1910.00293,1994979,77.61219788,31128.83008,13.0193758,0.0419999981,6.135800558811107,0.7988429330901181
2750,South Korea,2005,0.55999999,1150.74939,48701069,78.16828918,28640.70703,37.73801804,0.055999999,4.01788052506747,1.5162684773756085
2751,Sweden,2005,0.35999999,2796.842041,9038627,80.54634094,45440.29688,16.6356926,0.035999999000000005,6.154981884000402,1.0239238658079952
2752,Switzerland,2005,0.50999999,4189.06543,7386818,81.23658752,61613.39063,27.14404678,0.050999999,6.798952934040144,1.845510964966039
2753,United Kingdom,2005,0.6,2761.297363,60287953,79.04878235,42791.89844,13.94338036,0.06,6.452850805092723,0.8997455318174007
2754,United States,2005,0.8,6454.403809,294993509,77.48780823,54353.07031,13.91825485,0.08,11.87495714995976,1.6527867994596959
2755,World,2005,6.25,800.4309082,6542205330,68.92021179,12473.06836,18.68055916,0.625,6.417273481534899,1.1987825691771188
2756,Australia,2006,0.55999999,3012.346924,20526300,81.04146576,42738.46484,19.74942017,0.055999999,7.048327391443103,1.392003791493299
2757,Austria,2006,0.469999981,3591.060303,8285344,79.88048553,50840.69531,18.80627632,0.0469999981,7.063357967674498,1.3283546168716023
2758,Belgium,2006,0.480000019,3237.00708,10619484,79.38048553,47212.57813,20.49900055,0.0480000019,6.856238757152573,1.4054604205380192
2759,Canada,2006,0.6,3563.675049,32536994,80.34390259,43358.18359,15.87159061,0.06,8.219152081412181,1.3045101699750354
2760,Denmark,2006,0.480000019,3424.716309,5444293,78.09512329,53322.28906,14.52643013,0.0480000019,6.422673087320756,0.9329851185079634
2761,Finland,2006,0.35999999,2844.422363,5277490,79.21463776,46412.19922,18.81658745,0.035999999000000005,6.128609311351655,1.1531951305393269
2762,Germany,2006,0.45999999,3470.145264,81472235,79.13170624,45678.08203,14.50665569,0.045999999,7.596959219349256,1.1020647168607083
2764,Iceland,2006,0.30999999,3438.628906,299727,81.15853882,49956.84766,16.94632339,0.030999999,6.883198334296179,1.1664490493049238
2765,Ireland,2006,0.49000001,3371.895264,4230619,79.24146271,58189.77734,13.92956257,0.049000000999999994,5.794652287975227,0.8071697161674458
2766,Israel,2006,0.530000019,1874.470825,6680641,80.55365753,31192.18164,25.72410393,0.0530000019,6.009425203513915,1.5458707849475337
2767,Japan,2006,0.35999999,2572.188477,128422740,82.32195282,38751.00391,16.42206764,0.035999999000000005,6.637733780972386,1.0900531312744148
2769,Luxembourg,2006,0.320000005,5267.283203,465611,79.28780365,113346.0391,13.37627888,0.0320000005,4.647081843197818,0.6216066271279844
2770,Malta,2006,0.69000001,2053.378662,406330,79.43902588,29612.62305,29.62184906,0.06900000099999999,6.934132982859823,2.0540184058024122
2771,Netherlands,2006,0.50999999,3722.015381,16440091,79.69756317,51097.36328,8.326216698,0.050999999,7.284163295480322,0.6064952206178696
2772,New Zealand,2006,0.65,2395.968262,4185881,80.04878235,37902.75,13.83843422,0.065,6.32135732103871,0.8747768746830962
2773,Norway,2006,0.39000001,4298.705078,4672986,80.34390259,62846.9375,16.45254898,0.039000001,6.839959509562418,1.1253476885229248
2774,Singapore,2006,0.29000001,1875.189087,4402324,80.14146423,70915.99219,48.83466721,0.029000000999999997,2.644240077718921,1.2913058421874803
2775,Slovenia,2006,0.4,2012.994507,2002427,78.086586,32812.73828,12.27804375,0.04,6.134795852216209,0.7532329187082916
2776,South Korea,2006,0.519999981,1316.675781,48880449,78.66828918,29990.52148,35.73993301,0.0519999981,4.390306390230864,1.56909256280226
2777,Sweden,2006,0.34000001,3045.05249,9096170,80.7487793,47292.3125,16.54168129,0.034000001,6.438789581287656,1.0650840514703297
2778,Switzerland,2006,0.49000001,4442.112793,7457961,81.490242,63686.25,27.3494606,0.049000000999999994,6.974995062513495,1.9076235264740735
2779,United Kingdom,2006,0.59000001,2994.528809,60821349,79.2487793,43576.19922,13.29072762,0.059000001,6.871936659463436,0.9133303836282122
2780,United States,2006,0.79000001,6828.615723,297758977,77.68780518,55368.35938,13.67735291,0.079000001,12.333064948040727,1.6868368175630382
2781,World,2006,6.0,858.1401978,6623819401,69.26229095,12952.11426,18.80411911,0.6,6.625483535535147,1.2458638156354682
2782,Australia,2007,0.54000001,3180.877441,20916339,81.29268646,44072.88281,19.00255966,0.054000001,7.217311957361384,1.3714740105459107
2783,Austria,2007,0.45999999,3759.672852,8313731,80.18048859,52565.07422,18.80613899,0.045999999,7.152416139021671,1.3450933202476072
2784,Belgium,2007,0.469999981,3381.330566,10697576,79.78292847,48590.40234,20.84237862,0.0469999981,6.958844551934204,1.4503887290913695
2785,Canada,2007,0.6,3731.279785,32930795,80.54389954,45888.47656,15.59513855,0.06,8.13119123734972,1.2680705392301481
2786,Denmark,2007,0.45,3642.547119,5469920,78.19512177,53569.02734,14.56182575,0.045,6.799726072831098,0.9901642622029828
2787,Finland,2007,0.35,3049.784668,5297741,79.26341248,48664.26563,18.99827766,0.035,6.266990015194851,1.190620164011194
2788,Germany,2007,0.45,3640.699951,81277836,79.53414917,47100.60938,14.41223431,0.045,7.729623881566859,1.1140115050931327
2790,Iceland,2007,0.3,3531.835205,305181,81.45365906,52827.01172,16.47036171,0.03,6.685661539440943,1.1011526382522776
2791,Ireland,2007,0.45999999,3696.954834,4324649,79.64146423,59530.88672,11.57123661,0.045999999,6.210145754066134,0.7185906590288611
2792,Israel,2007,0.50999999,1984.44397,6847148,80.50487518,32512.86719,26.66324425,0.050999999,6.103564962152451,1.6274084338161279
2793,Japan,2007,0.35,2711.881836,128494050,82.50707245,39280.89453,15.51505756,0.035,6.903818939074452,1.0711314822355824
2795,Luxembourg,2007,0.30999999,5276.574707,474917,79.38292694,120647.8203,10.30741978,0.030999999,4.373535049269348,0.4507986167536215
2796,Malta,2007,0.680000019,2050.151367,407854,79.79268646,30918.51953,31.07822609,0.0680000019,6.63081996862998,2.060741221471692
2797,Netherlands,2007,0.49000001,3978.706299,16506651,80.0975647,52909.96875,7.889270782,0.049000000999999994,7.519766866239172,0.593254770252724
2798,New Zealand,2007,0.64000001,2439.705811,4233046,80.15122223,38687.84766,11.45369911,0.064000001,6.306129595114313,0.7222851093110546
2799,Norway,2007,0.370000005,4524.340332,4719403,80.39511871,64062.4375,16.07217407,0.0370000005,7.062391798626145,1.1350799033805978
2800,Singapore,2007,0.29000001,1951.566528,4578629,80.44145966,74159.39063,48.46814346,0.029000000999999997,2.6315838242750136,1.275479823219768
2801,Slovenia,2007,0.379999995,2076.359375,2012128,78.56097412,34907.36719,13.63123703,0.0379999995,5.948198166015855,0.810812991023734
2802,South Korea,2007,0.480000019,1475.258423,49034813,79.11951447,31569.93164,35.77014542,0.0480000019,4.67298580124515,1.671533816561342
2803,Sweden,2007,0.329999995,3279.324951,9162941,80.90000153,48557.38281,16.33683968,0.0329999995,6.753504330807239,1.1033091753058357
2804,Switzerland,2007,0.480000019,4816.118652,7536986,81.74146271,65641.71094,27.33333206,0.0480000019,7.336979160098657,2.0054408770027647
2805,United Kingdom,2007,0.580000019,3132.023438,61455154,79.44878387,44219.48828,14.99859238,0.0580000019,7.082902945795917,1.062335741510942
2806,United States,2007,0.769999981,7181.89209,300608425,77.98780823,55873.24609,13.59207916,0.0769999981,12.853901630185383,1.7471124847233277
2807,World,2007,5.759999847,907.4683838,6706251239,69.5915451,13453.86621,18.91926003,0.5759999846999999,6.745037966302178,1.2761112719669327
2808,Australia,2008,0.519999981,3297.279053,21332293,81.39511871,44743.66016,19.04162598,0.0519999981,7.369265369013567,1.4032279490412303
2809,Austria,2008,0.45,4024.80249,8341525,80.43170929,53166.05469,18.24393272,0.045,7.570248560792729,1.3811110541677938
2810,Belgium,2008,0.45999999,3662.915527,10778764,79.68048859,48423.51563,20.18033218,0.045999999,7.564332079868031,1.5265073409156718
2811,Canada,2008,0.59000001,3868.458984,33337638,80.69512177,45851.62891,15.48501587,0.059000001,8.436906334545313,1.306456284841377
2812,Denmark,2008,0.44000001,3938.907715,5497731,78.44634247,52982.53125,14.11779785,0.044000001,7.434351704364822,1.0495667450802553
2813,Finland,2008,0.329999995,3340.422119,5319452,79.56829071,48817.98828,18.57298851,0.0329999995,6.842605024690296,1.2708762450204114
2814,Germany,2008,0.44000001,3870.063965,81065751,79.73658752,47643.22266,14.11650181,0.044000001,8.123010470173766,1.1466849200485691
2816,Iceland,2008,0.29000001,3725.518311,310855,81.60975647,52999.4375,16.27143288,0.029000000999999997,7.029354436073024,1.1437766889629244
2817,Ireland,2008,0.44000001,4059.450439,4415871,80.09512329,55712.5,11.86308861,0.044000001,7.286426634956249,0.864395248207501
2818,Israel,2008,0.49000001,1989.981079,7020832,80.95121765,33045.12109,25.34703064,0.049000000999999994,6.022011762584222,1.526401166606627
2819,Japan,2008,0.34000001,2842.77124,128538644,82.58756256,38781.19922,15.23826599,0.034000001,7.330281933452805,1.1170078588364531
2821,Luxembourg,2008,0.3,5725.231934,485403,80.53902435,118154.6641,10.06149197,0.03,4.845540358148249,0.4875336540381953
2822,Malta,2008,0.680000019,2093.539795,409493,79.63658905,31893.38086,32.99180222,0.0680000019,6.564182719260325,2.1656421800977843
2823,Netherlands,2008,0.469999981,4316.790039,16568105,80.2512207,53848.25391,9.923517227,0.0469999981,8.016583130466822,0.7955270079686508
2824,New Zealand,2008,0.630000019,2709.70166,4278156,80.35121918,37933.15234,13.23509979,0.0630000019,7.14336007646445,0.9454308344790902
2825,Norway,2008,0.35999999,4945.300293,4771014,80.59268188,63570.33984,15.65692139,0.035999999000000005,7.779257284838828,1.2179921978130637
2826,Singapore,2008,0.279999995,2187.753662,4775810,80.79024506,71629.82813,46.45778656,0.0279999995,3.0542494923057415,1.4189367101452852
2827,Slovenia,2008,0.35999999,2338.09668,2023049,78.76585388,36075.46875,12.63994598,0.035999999000000005,6.4811262639518725,0.8192108586591088
2828,South Korea,2008,0.45,1612.57959,49182458,79.51707458,32275.125,37.05316925,0.045,4.9963542821290385,1.8513076084868956
2829,Sweden,2008,0.320000005,3474.288818,9236433,81.09999847,47963.49219,16.32570076,0.0320000005,7.243611045328266,1.1825702634786006
2830,Switzerland,2008,0.469999981,5165.475098,7622826,81.99268341,66598.85938,26.49786186,0.0469999981,7.7561014499164544,2.055201047920319
2831,United Kingdom,2008,0.55999999,3334.318604,62145098,79.59999847,43767.69531,13.78874207,0.055999999,7.618218369469817,1.0504564812955526
2832,United States,2008,0.75999999,7401.369141,303486022,78.03902435,55271.65625,13.34937668,0.075999999,13.390894435156357,1.7876009389701804
2833,World,2008,5.55,956.359375,6789396380,69.89951324,13642.6748,18.92562294,0.555,7.010057697776392,1.3266970877576045
2834,Australia,2009,0.5,3553.792236,21750852,81.54389954,44649.16016,19.05284309,0.05,7.959370844300333,1.5164864379157506
2835,Austria,2009,0.45,4191.473145,8372657,80.33171082,51030.72656,18.0512867,0.045,8.213626235699042,1.482665220272452
2836,Belgium,2009,0.45,3927.464844,10859934,80.03414917,47064.78906,19.93112183,0.045,8.344804943230738,1.6632132397111807
2837,Canada,2009,0.580000019,4153.828125,33746093,80.99512482,44003.61719,15.15418148,0.0580000019,9.439742435410455,1.4305156999066724
2838,Denmark,2009,0.419999981,4317.374512,5526389,78.5975647,50114.05078,13.68460464,0.0419999981,8.61509785140542,1.178942080313966
2839,Finland,2009,0.320000005,3479.077637,5342266,79.71951294,44662.10156,18.31736946,0.0320000005,7.78977592965735,1.4268820371414863
2840,Germany,2009,0.430000019,4135.202637,80899961,79.836586,45044.48828,13.89385128,0.0430000019,9.180263323883853,1.2754921333328073
2842,Iceland,2009,0.279999995,3704.710938,316057,81.7512207,48770.94922,16.87479401,0.0279999995,7.5961427801794175,1.2818334468607637
2843,Ireland,2009,0.430000019,4380.6875,4494572,80.19024658,52336.62891,12.70052814,0.0430000019,8.370213350067296,1.0630613019033335
2844,Israel,2009,0.469999981,2022.189697,7190037,81.40487671,32633.41797,25.41890717,0.0469999981,6.196683715015709,1.5751292811383506
2845,Japan,2009,0.329999995,2995.341797,128555196,82.93146515,36577.86328,15.15913296,0.0329999995,8.188946888643956,1.2413733468733206
2847,Luxembourg,2009,0.29000001,6094.695313,496536,80.63658905,112230.0781,9.895283699,0.029000000999999997,5.430536462399557,0.5373669893320746
2848,Malta,2009,0.669999981,2121.179443,411559,80.24146271,31294.92383,32.45967484,0.0669999981,6.778030374902498,2.2001266202497836
2849,Netherlands,2009,0.45999999,4467.866211,16626379,80.54878235,51607.60547,9.069808006,0.045999999,8.657379412027193,0.7852076910218382
2850,New Zealand,2009,0.619999981,2939.460938,4323338,80.70243835,37505.04688,12.35631561,0.0619999981,7.837507702376721,0.968427187663727
2851,Norway,2009,0.34000001,5058.498047,4826847,80.79512024,61689.55859,15.25448418,0.034000001,8.199925826378003,1.2508563879565668
2852,Singapore,2009,0.279999995,2257.585205,4966614,81.24146271,69585.84375,43.28753662,0.0279999995,3.244316779589239,1.4043848140334967
2853,Slovenia,2009,0.34000001,2362.134277,2033807,78.97073364,33052.22656,12.77988815,0.034000001,7.146672169610106,0.9133367097233499
2854,South Korea,2009,0.430000019,1706.132324,49347450,79.96829224,32363.96875,34.29153824,0.0430000019,5.27170303858361,1.8077480633751404
2855,Sweden,2009,0.30999999,3551.367188,9313085,81.35121918,45492.76953,16.40327072,0.030999999,7.80644314402109,1.2805120025166588
2856,Switzerland,2009,0.45999999,5405.509766,7713902,82.04389954,64404.07813,26.20129585,0.045999999,8.393117210821568,2.1991054714446276
2857,United Kingdom,2009,0.54000001,3475.684326,62828620,80.05121613,41592.92969,12.93808937,0.054000001,8.356430652769438,1.0811624659973842
2858,United States,2009,0.75,7657.559082,306307565,78.39024353,53399.36719,12.6413002,0.075,14.3401682172631,1.8127837135292169
2859,World,2009,5.3,1014.747864,6873077808,70.24645233,13383.38281,18.30478668,0.53,7.582147790331345,1.3878959787824865
2860,Australia,2010,0.480000019,3587.303711,22154687,81.69512177,44914.98047,19.74928665,0.0480000019,7.986875811726252,1.5773509984373315
2861,Austria,2010,0.430000019,4303.119629,8409945,80.58049011,51843.42969,18.60162544,0.0430000019,8.300221753712451,1.5439761613149894
2862,Belgium,2010,0.44000001,4101.003418,10938735,80.18292999,47972.55859,19.95389366,0.044000001,8.54864434696811,1.7057874023656183
2863,Canada,2010,0.569999981,4272.628418,34147566,81.24633789,44861.52344,15.48852921,0.056999998100000004,9.524037728487805,1.4751333655482541
2864,Denmark,2010,0.40999999,4457.368652,5554849,79.09999847,50825.41406,14.38571072,0.040999998999999995,8.769960332714701,1.2616211237230863
2865,Finland,2010,0.3,3562.516602,5365784,79.87073517,45874.66016,18.80395508,0.03,7.765761292998754,1.460270265155513
2866,Germany,2010,0.419999981,4323.986328,80827001,79.98780823,46999.23828,13.96032143,0.0419999981,9.200120015221659,1.2843663260707088
2868,Iceland,2010,0.270000005,3304.679688,320342,81.89756012,47457.62109,18.66119576,0.0270000005,6.963433084294113,1.29945987947673
2869,Ireland,2010,0.419999981,4561.692383,4554330,80.74390411,52965.78906,13.79563618,0.0419999981,8.61252605494555,1.188152760447995
2870,Israel,2010,0.45999999,2098.89624,7346446,81.60243988,33864.23047,23.8116951,0.045999999,6.1979741186187365,1.4758426995024059
2871,Japan,2010,0.320000005,3191.907227,128542349,82.84268188,38069.95703,14.57036018,0.0320000005,8.384320540432196,1.2216257013866934
2873,Luxembourg,2010,0.279999995,6083.713379,507890,80.63170624,114343.9844,10.23186111,0.0279999995,5.320536459283991,0.5443899008208497
2874,Malta,2010,0.669999981,2288.464844,414257,81.39756012,32867.96094,33.02582932,0.0669999981,6.9626005950827325,2.2994565887653278
2875,Netherlands,2010,0.44000001,4588.932617,16682927,80.70243835,52032.98828,9.095441818,0.044000001,8.819275557087034,0.8021520770639464
2876,New Zealand,2010,0.60999999,2983.427979,4370060,80.70243835,37657.14453,11.95811081,0.060999999,7.922608090008572,0.9473942544452496
2877,Norway,2010,0.329999995,5194.986328,4885878,80.99755859,61353.47656,15.0464716,0.0329999995,8.467305553450775,1.2740307253851937
2878,Singapore,2010,0.279999995,2385.83252,5131170,81.54146576,78294.03125,41.45875549,0.0279999995,3.047272546717921,1.263361274257679
2879,Slovenia,2010,0.320000005,2387.07373,2043336,79.42195129,33350.61328,12.64016342,0.0320000005,7.157510747880316,0.9047210553361362
2880,South Korea,2010,0.40999999,1878.976563,49545638,80.11707306,34394.49219,34.01853561,0.040999998999999995,5.463015859109854,1.8584379954112331
2881,Sweden,2010,0.30999999,3529.652344,9390157,81.45121765,47791.37109,16.37858391,0.030999999,7.385543171282974,1.2096473855178569
2882,Switzerland,2010,0.45999999,5485.379395,7808674,82.24633789,65819.73438,26.18807602,0.045999999,8.333943378335464,2.1824994273822473
2883,United Kingdom,2010,0.519999981,3601.096924,63459801,80.4024353,42147.76563,13.5945406,0.0519999981,8.543980612430865,1.1615149132130427
2884,United States,2010,0.730000019,7888.352051,309011469,78.54146576,54315.91406,12.36455631,0.0730000019,14.523095463856398,1.79571631658358
2885,World,2010,5.120000076,1038.084473,6957137521,70.55669403,13892.33301,18.51449585,0.5120000076,7.472355235458035,1.3834688999661355
2886,Australia,2011,0.45,3760.759766,22538002,81.89511871,45389.17188,19.17248344,0.045,8.285587972265072,1.5885529818891526
2887,Austria,2011,0.419999981,4465.65918,8453501,80.98292542,53179.14844,18.73956299,0.0419999981,8.397387530637939,1.5736337258183022
2888,Belgium,2011,0.44000001,4269.318848,11013860,80.5853653,48154.87109,19.68982506,0.044000001,8.865808902324277,1.7456622630215566
2889,Canada,2011,0.569999981,4308.483398,34539156,81.44878387,45822.59766,15.06602478,0.056999998100000004,9.402529795383058,1.4165874689192948
2890,Denmark,2011,0.40999999,4516.297852,5582980,79.80000305,51293.20703,14.55076981,0.040999998999999995,8.804865426641271,1.281175700310846
2891,Finland,2011,0.29000001,3772.536133,5390036,80.47073364,46825.82422,18.1520462,0.029000000999999997,8.056529053873426,1.4624248759755272
2892,Germany,2011,0.40999999,4588.230957,80855629,80.43658447,49757.92578,14.00434685,0.040999998999999995,9.221105753657081,1.291355633147444
2894,Iceland,2011,0.25999999,3311.723633,323471,82.35853577,48186.16797,18.50313759,0.025999999000000003,6.872768208216579,1.2716777578080913
2895,Ireland,2011,0.40999999,4802.279785,4591115,80.74633789,53298.8125,13.89269829,0.040999998999999995,9.01010652910888,1.2517469156966878
2896,Israel,2011,0.44000001,2210.542236,7487095,81.65609741,35086.72656,23.75934219,0.044000001,6.300223625079032,1.49689168981775
2897,Japan,2011,0.320000005,3778.414307,128498966,82.59121704,38149.61719,13.12178421,0.0320000005,9.904199793623146,1.2996077246464945
2899,Luxembourg,2011,0.279999995,5694.883301,519312,80.98780823,112998.3906,10.88065338,0.0279999995,5.0397915145173755,0.548362245769288
2900,Malta,2011,0.65999999,2455.241211,417720,80.74633789,32881.85547,33.16239548,0.065999999,7.466857255789769,2.476188733092078
2901,Netherlands,2011,0.430000019,4779.398438,16738190,81.20487976,52594.23047,9.482380867,0.0430000019,9.087305575706049,0.8616929252365747
2902,New Zealand,2011,0.6,3088.697998,4418674,80.90487671,38214.47266,12.09877777,0.06,8.082534660312122,0.9778879067343881
2903,Norway,2011,0.30999999,5492.077148,4948335,81.29512024,61157.12891,15.20982647,0.030999999,8.980273021126035,1.365883943045496
2904,Singapore,2011,0.279999995,2489.595703,5263640,81.74390411,81538.36719,39.51037216,0.0279999995,3.053281281925557,1.2063627975804065
2905,Slovenia,2011,0.30999999,2472.896729,2051277,79.97073364,33568.06641,12.19664192,0.030999999,7.366813145553473,0.8985038202786455
2906,South Korea,2011,0.4,1961.464111,49786153,80.56829071,35388.97656,34.14442444,0.04,5.5425850128060326,1.8924837517203201
2907,Sweden,2011,0.3,4663.241211,9466705,81.80243683,48947.4375,14.55464077,0.03,9.527038491034387,1.3866262283896837
2908,Switzerland,2011,0.45,5841.042969,7906988,82.69512177,66342.00781,25.64536285,0.045,8.804441049973102,2.2579308541799517
2909,United Kingdom,2011,0.5,3674.361328,64021922,80.95121765,42429.21094,13.84098721,0.05,8.659980345135308,1.198626771958692
2910,United States,2011,0.719999981,8080.214844,311584051,78.64146423,54758.83203,12.32208443,0.0719999981,14.756002903007865,1.8182471362018802
2911,World,2011,4.9,1083.643555,7041509491,70.88401794,14260.64258,18.58010101,0.49000000000000005,7.5988409983696545,1.4118723330863743
2912,Australia,2012,0.430000019,3778.473633,22903951,82.04634094,46350.92188,19.93433762,0.0430000019,8.151884535937088,1.6250241857862695
2913,Austria,2012,0.4,4750.581543,8502230,80.93658447,53297.44531,18.67409134,0.04,8.913338182287447,1.6644849136034534
2914,Belgium,2012,0.430000019,4455.734863,11085355,80.38536835,48210.92578,19.36368752,0.0430000019,9.242168224134026,1.789624574994046
2915,Canada,2012,0.55999999,4416.809082,34922031,81.64878082,46126.51563,14.87091827,0.055999999,9.575423206532802,1.4239533590501063
2916,Denmark,2012,0.40999999,4597.623047,5610909,80.05121613,51216.30859,14.15905666,0.040999998999999995,8.97687313587002,1.271040553604155
2917,Finland,2012,0.279999995,3917.43335,5414769,80.62683105,45952.24609,17.46195984,0.0279999995,8.52500951167325,1.4886337372845633
2918,Germany,2012,0.4,4711.658203,80972629,80.53902435,49872.44922,14.16992569,0.04,9.447416913927132,1.3386919563279658
2920,Iceland,2012,0.25,3384.375977,325642,82.91707611,48440.25391,18.56773567,0.025,6.986701562894431,1.2972722782499966
2921,Ireland,2012,0.4,4938.226563,4608199,80.84634399,53045.65234,13.89555645,0.04,9.309389827743232,1.2935915186646185
2922,Israel,2012,0.430000019,2342.507568,7614946,81.70487976,35417.29297,23.40835571,0.0430000019,6.61402205409715,1.5482338091609096
2923,Japan,2012,0.3,3988.363525,128423571,83.09609985,38735.89453,12.9723444,0.03,10.296299009981842,1.335671368028635
2925,Luxembourg,2012,0.279999995,5175.365234,530855,81.39268494,112137.1328,11.48753071,0.0279999995,4.615210951782067,0.5301737754172482
2926,Malta,2012,0.65999999,2548.926025,421809,80.74633789,33929.36328,32.09076309,0.065999999,7.512448742303661,2.410802128150353
2927,Netherlands,2012,0.419999981,4989.364746,16791850,81.10488129,51860.05469,10.09056282,0.0419999981,9.620824304610853,0.9707953202585864
2928,New Zealand,2012,0.59000001,3140.933838,4468462,81.15609741,38857.11719,12.26525021,0.059000001,8.083290951929726,0.9914358604564718
2929,Norway,2012,0.3,5774.39209,5013716,81.45121765,61990.69141,14.80008221,0.03,9.314934159725322,1.3786179134467202
2930,Singapore,2012,0.279999995,2701.980957,5369469,81.99512482,83112.00781,37.65390396,0.0279999995,3.251011530339782,1.2241327593626679
2931,Slovenia,2012,0.29000001,2533.1604,2057826,80.12438965,32613.49023,12.45996571,0.029000000999999997,7.767216517261423,0.9677925146722295
2932,South Korea,2012,0.379999995,2063.654053,50060639,80.81951141,36049.19531,34.54799271,0.0379999995,5.724549564155028,1.9777169661046163
2933,Sweden,2012,0.3,4896.023438,9542817,81.70487976,48300.84375,14.80989265,0.03,10.136517414356764,1.5012073475147925
2934,Switzerland,2012,0.44000001,6175.033691,8008006,82.69756317,66440.28906,25.86537361,0.044000001,9.294110212891358,2.403956330289516
2935,United Kingdom,2012,0.480000019,3809.362305,64525300,80.90487671,42754.53906,14.55786991,0.0480000019,8.90984299855062,1.2970833529142425
2936,United States,2012,0.70999999,8342.580078,314043885,78.74146271,55581.41406,12.33093548,0.07099999900000001,15.009657848924473,1.8508312251196328
2937,World,2012,4.720000076,1126.468506,7126144677,71.1733017,14528.70898,18.78497887,0.4720000076,7.753397136322844,1.4564740137654315
2938,Australia,2013,0.40999999,4161.620117,23254912,82.14878082,46744.63281,19.50416565,0.040999998999999995,8.902883319065696,1.7364331101767911
2939,Austria,2013,0.39000001,4945.449707,8556191,81.13658905,52997.75391,19.1712513,0.039000001,9.331432640330926,1.788952401368067
2940,Belgium,2013,0.419999981,4621.130371,11154008,80.5878067,48204.58594,19.60912323,0.0419999981,9.586495311362901,1.8798276790433237
2941,Canada,2013,0.55,4581.4375,35296535,81.7487793,46704.76172,14.4959259,0.05500000000000001,9.809358470697706,1.4219573351777128
2942,Denmark,2013,0.40999999,4762.361328,5638152,80.30000305,51479.26563,13.81008339,0.040999998999999995,9.251028097853617,1.2775746947459155
2943,Finland,2013,0.270000005,4068.539063,5438984,80.97560883,45328.57422,17.79447365,0.0270000005,8.97566079015313,1.5971715942171805
2944,Germany,2013,0.4,4955.896484,81174373,80.490242,49954.17188,13.30989647,0.04,9.920886079154837,1.320459666042151
2946,Iceland,2013,0.24000001,3592.751465,327194,82.06097412,50168.6875,18.25614738,0.024000001,7.161342351242496,1.3073852140291875
2947,Ireland,2013,0.39000001,4945.745117,4615426,80.94878387,53435.64063,14.29011631,0.039000001,9.255517588430193,1.3226242284791818
2948,Israel,2013,0.40999999,2518.752441,7734834,82.05609894,36423.19141,22.65417099,0.040999998999999995,6.91524367716025,1.5665911269990465
2949,Japan,2013,0.29000001,4177.434082,128314189,83.33195496,39569.63672,12.70128059,0.029000000999999997,10.557170669925725,1.340895869152449
2951,Luxembourg,2013,0.279999995,5346.196289,542554,81.80000305,113050.6641,11.21970749,0.0279999995,4.729026876189754,0.5305829826319747
2952,Malta,2013,0.65999999,2766.513184,426144,81.74633789,35287.48828,30.22222137,0.065999999,7.839926610951184,2.3693999756072053
2953,Netherlands,2013,0.40999999,5219.226563,16843512,81.30487823,51640.07813,11.53465176,0.040999998999999995,10.10693002799297,1.1657991823558596
2954,New Zealand,2013,0.580000019,3335.008789,4518519,81.40731812,39599.1875,12.37116337,0.0580000019,8.421912164233168,1.0418885127151878
2955,Norway,2013,0.29000001,6012.884277,5079460,81.7512207,61878.97656,14.59419537,0.029000000999999997,9.717168271472136,1.4181425219702954
2956,Singapore,2013,0.279999995,3028.52124,5453732,82.24633789,85732.80469,36.16598511,0.0279999995,3.532511564214872,1.2775676063229786
2957,Slovenia,2013,0.279999995,2621.224121,2063120,80.32195282,32234.02539,12.4548645,0.0279999995,8.131854738233177,1.0128114889837718
2958,South Korea,2013,0.370000005,2143.083252,50345720,81.27072906,37021.13281,34.21545792,0.0370000005,5.788810577457853,1.9806680471986005
2959,Sweden,2013,0.29000001,5073.837891,9618016,81.95610046,48462.16016,14.93118668,0.029000000999999997,10.469689907029519,1.5632489448356959
2960,Switzerland,2013,0.44000001,6550.800781,8108876,82.79756165,66877.16406,25.16288185,0.044000001,9.795272980060632,2.464772966857631
2961,United Kingdom,2013,0.469999981,3997.300293,64984015,81.00487518,43271.82813,15.97152615,0.0469999981,9.237650604894839,1.4753937820064122
2962,United States,2013,0.7,8522.125977,316400539,78.74146271,56214.42969,12.25372887,0.07,15.160032795842815,1.857669315405659
2963,World,2013,4.55,1177.091675,7210900157,71.46586609,14824.50781,18.99076843,0.455,7.940173731811741,1.5079000063480568
2964,Australia,2014,0.4,4283.14209,23596426,82.30000305,47232.875,19.40170097,0.04,9.068137584256728,1.7593729376456722
2965,Austria,2014,0.379999995,5082.537109,8615205,81.490242,52932.89844,19.09817696,0.0379999995,9.601849244588617,1.8337781601639576
2966,Belgium,2014,0.40999999,4771.913574,11221225,81.28780365,48748.62109,19.3283844,0.040999998999999995,9.788817544582573,1.892020283231561
2967,Canada,2014,0.54000001,4659.252441,35664338,81.80000305,47564.60938,14.59731197,0.054000001,9.79562851820481,1.4298984542246442
2968,Denmark,2014,0.40999999,4886.55127,5664199,80.69999695,52048.33594,13.77454948,0.040999998999999995,9.388487031810378,1.2932217916201039
2969,Finland,2014,0.25999999,4084.430176,5461410,81.18048859,44976.77734,17.63744736,0.025999999000000003,9.081197937157496,1.6016915058235592
2970,Germany,2014,0.4,5195.209961,81450370,81.09024048,50845.52734,13.00081444,0.04,10.217634141662144,1.3283756549155818
2972,Iceland,2014,0.24000001,3771.124756,328592,82.86097717,50450.74219,17.98027229,0.024000001,7.474864773639518,1.3440010396096773
2973,Ireland,2014,0.379999995,4898.442871,4626852,81.34877777,57668.75391,14.30979824,0.0379999995,8.494102159108019,1.2154888812678413
2974,Israel,2014,0.4,2560.209717,7854216,82.15365601,37204.50391,23.01003265,0.04,6.881451028599403,1.5834241284744834
2975,Japan,2014,0.279999995,4214.348633,128168630,83.5878067,39739.54297,12.8696804,0.0279999995,10.604924762676502,1.3648199236169245
2977,Luxembourg,2014,0.279999995,5573.944824,554512,82.22927094,113313.5781,11.10842419,0.0279999995,4.919044052320858,0.5464282794247665
2978,Malta,2014,0.65999999,3157.483154,430190,82.04634094,37230.30469,36.45832443,0.065999999,8.480949001870766,3.0920119018448906
2979,Netherlands,2014,0.40999999,5213.549805,16892517,81.70731354,52186.99609,11.58706665,0.040999998999999995,9.990132016812927,1.1575632552111028
2980,New Zealand,2014,0.569999981,3467.033447,4567522,81.40487671,40432.24219,12.85042477,0.056999998100000004,8.574922535108607,1.1019139694599085
2981,Norway,2014,0.279999995,6192.903809,5142269,82.09999847,62390.12891,14.37853241,0.0279999995,9.926095549399307,1.427226865617947
2982,Singapore,2014,0.270000005,3235.425537,5525628,82.49512482,87959.41406,33.29804611,0.0270000005,3.678316382136209,1.224807484995399
2983,Slovenia,2014,0.270000005,2625.701904,2067487,81.07804871,33093.75,12.98344612,0.0270000005,7.934132287818698,1.0301237906784637
2984,South Korea,2014,0.35999999,2293.312988,50607904,81.72195435,37967.47656,33.86190414,0.035999999000000005,6.040203868634455,2.0453280438575705
2985,Sweden,2014,0.29000001,5193.200195,9692137,82.25366211,49258.99609,14.91894722,0.029000000999999997,10.542643186458005,1.572851372580596
2986,Switzerland,2014,0.430000019,6846.429199,8206003,83.19756317,67682.6875,26.03660583,0.0430000019,10.115480711370985,2.633727840629343
2987,United Kingdom,2014,0.45,4124.464355,65423048,81.30487823,44239.15234,15.92839622,0.045,9.323108913347683,1.4850217277401554
2988,United States,2014,0.69000001,8939.396484,318673422,78.84146118,57213.26953,11.93220139,0.06900000099999999,15.62469084084173,1.8643695776941194
2989,World,2014,4.4,1218.206177,7295610265,71.7460556,15149.4502,18.69392967,0.44000000000000006,8.041256685341624,1.5032268693419364
2990,Australia,2015,0.39000001,4392.074219,23932499,82.40000153,47569.29297,18.74151993,0.039000001,9.233002941140834,1.7304050863513953
2991,Austria,2015,0.370000005,5204.62207,8678667,81.19024658,52873.85938,19.09111214,0.0370000005,9.843469213387314,1.879227745994148
2992,Belgium,2015,0.40999999,4834.890137,11287931,80.99268341,49456.39844,19.34007072,0.040999998999999995,9.776065968219745,1.8906980718875515
2993,Canada,2015,0.54000001,4751.443359,36026668,81.90000153,47522.14063,14.61075115,0.054000001,9.9983782212043,1.4608381609359566
2994,Denmark,2015,0.40999999,5037.012695,5688695,80.70243835,52892.64453,13.67476749,0.040999998999999995,9.523087264322877,1.3022600412659553
2995,Finland,2015,0.25,4097.81543,5481128,81.48048401,45072.58984,18.62889481,0.025,9.09159079730396,1.6936628861853946
2996,Germany,2015,0.39000001,5356.607422,81787411,80.64146423,51159.29688,13.08271122,0.039000001,10.470447697052085,1.369818435646465
2998,Iceland,2015,0.229999995,3977.299561,330237,82.46829224,52142.93359,17.64087296,0.0229999995,7.627686605194703,1.3455905038093343
2999,Ireland,2015,0.370000005,5077.476563,4652420,81.45365906,71508.73438,13.21329498,0.0370000005,7.100498431447698,0.9382098027974575
3000,Israel,2015,0.39000001,2645.223389,7978496,82.05121613,37306.13281,22.50102615,0.039000001,7.090585889650136,1.5954545852183877
3001,Japan,2015,0.270000005,4367.501465,127985139,83.79389954,40402.58203,12.94767094,0.0270000005,10.809956308626546,1.3996375715987361
3003,Luxembourg,2015,0.279999995,5545.197266,566741,82.29268646,113182.7266,10.75223732,0.0279999995,4.899331755451808,0.5267877774403005
3004,Malta,2015,0.65999999,3373.238525,433559,81.89756012,39845.14063,37.19658661,0.065999999,8.465871801843356,3.149015337064231
3005,Netherlands,2015,0.4,5203.804199,16938492,81.509758,52974.11719,11.28642845,0.04,9.823295743345263,1.1086992455045586
3006,New Zealand,2015,0.55,3475.5354,4614527,81.45683289,41086.11719,13.36466026,0.05500000000000001,8.459147852613134,1.130536371392831
3007,Norway,2015,0.270000005,6142.4375,5199827,82.30487823,62987.51563,14.14276981,0.0270000005,9.751833261819346,1.3791793304741249
3008,Singapore,2015,0.270000005,3598.990723,5592143,82.74390411,89519.73438,33.08544922,0.0270000005,4.020332218282438,1.3301449745551355
3009,Slovenia,2015,0.25999999,2688.69751,2071199,80.77561188,33799.72656,12.49877739,0.025999999000000003,7.954790714732929,0.9942515832748587
3010,South Korea,2015,0.35,2531.058105,50823087,82.02439117,38828.74219,33.5990715,0.035,6.518516856958224,2.190161139508947
3011,Sweden,2015,0.29000001,5333.402344,9764949,82.20487976,50928.96484,14.90281487,0.029000000999999997,10.472237872408325,1.5606582228710395
3012,Switzerland,2015,0.430000019,7306.933105,8296775,82.89756012,68025.92188,25.85814857,0.0430000019,10.741395196216047,2.7775259283283886
3013,United Kingdom,2015,0.45,4231.580078,65860149,80.95610046,45041.05859,16.08235931,0.045,9.39493921872319,1.5109278821111702
3014,United States,2015,0.680000019,9392.066406,320878312,78.69024658,58540.29688,11.73992538,0.0680000019,16.04376285493139,1.883525787313103
3015,World,2015,4.259999847,1257.441162,7380117870,71.95211792,15480.76465,18.39519501,0.42599998469999995,8.122603698390312,1.49416879020837
3016,Australia,2016,0.379999995,4632.316406,24262710,82.44878387,48116.03125,18.45708466,0.0379999995,9.627386726747128,1.7769349187013201
3017,Austria,2016,0.35999999,5476.677734,8747306,81.64146423,53345.74219,19.24335289,0.035999999000000005,10.266382112547753,1.9755961389534014
3018,Belgium,2016,0.40999999,5244.892578,11354407,81.43902588,49829.92578,18.00682259,0.040999998999999995,10.52558777862984,1.8953239178525971
3019,Canada,2016,0.530000019,5084.125977,36382942,81.90000153,47457.58594,15.47061157,0.0530000019,10.712989032834063,1.6573649208064578
3020,Denmark,2016,0.40999999,5291.916016,5711346,80.85366058,54185.00781,13.71236897,0.040999998999999995,9.7663841528936,1.3392026300723796
3021,Finland,2016,0.24000001,4212.087402,5497714,81.42926788,46206.78906,19.27291298,0.024000001,9.115732747693333,1.7568672399522989
3022,Germany,2016,0.39000001,5694.912598,82193770,80.990242,51879.67188,12.98550797,0.039000001,10.977156160841933,1.4254394881454753
3024,Iceland,2016,0.220000005,4372.529297,332209,82.20487976,54665.76563,16.86781883,0.0220000005,7.998661038784394,1.3491996528479477
3025,Ireland,2016,0.35999999,5356.188477,4695790,81.65365601,72150.03906,12.79483604,0.035999999000000005,7.423680633832771,0.9498477652321359
3026,Israel,2016,0.379999995,2857.233154,8108984,82.40731812,38214.48438,22.82260704,0.0379999995,7.476832934831816,1.7064081997539646
3027,Japan,2016,0.270000005,4303.919922,127763267,83.98487854,40754.10156,12.85439873,0.0270000005,10.560703726135582,1.3575149656514351
3029,Luxembourg,2016,0.279999995,5806.304688,579266,82.68536377,116283.7031,10.77447701,0.0279999995,4.9932230684180885,0.5379936715647236
3030,Malta,2016,0.65999999,3599.068359,436099,82.45365906,40536.74609,35.13737869,0.065999999,8.878532951335858,3.1196837452273134
3031,Netherlands,2016,0.4,5398.930664,16981285,81.56097412,53847.82813,11.27567959,0.04,10.026273763476299,1.1305305043858218
3032,New Zealand,2016,0.54000001,3734.821533,4659265,81.61244202,41672.10156,13.5755825,0.054000001,8.96240264634256,1.2166983652364174
3033,Norway,2016,0.25999999,6271.010742,5250950,82.40731812,63104.08203,14.27099895,0.025999999000000003,9.937567492097786,1.4181901524528162
3034,Singapore,2016,0.270000005,3894.942871,5653625,82.84634399,91307.5,32.66244888,0.0270000005,4.265742541412261,1.3932959769411926
3035,Slovenia,2016,0.25,2873.208008,2074205,81.1756134,34853.04297,12.00222397,0.025,8.243779489994987,0.9894368779821221
3036,South Korea,2016,0.34000001,2748.954102,50983446,82.27561188,39814.66016,33.0310173,0.034000001,6.904376656620947,2.280585847905627
3037,Sweden,2016,0.279999995,5512.933105,9836003,82.30731964,51334.43359,14.491889,0.0279999995,10.739249894195629,1.556320174099448
3038,Switzerland,2016,0.419999981,7738.628418,8379915,83.60243988,68663.24219,26.57211494,0.0419999981,11.270409277479532,2.994786107420284
3039,United Kingdom,2016,0.44000001,4374.492188,66297944,81.15609741,45712.78516,16.28810692,0.044000001,9.569515777016813,1.5586929614867675
3040,United States,2016,0.669999981,9775.0,323015992,78.53902435,59112.24219,11.63196754,0.0669999981,16.53633771593532,1.9235014354223736
3041,World,2016,4.129999924,1301.969727,7464344232,72.18610382,15803.52832,18.26488686,0.4129999924,8.238474982528459,1.5047481345482276
3042,Australia,2017,0.379999995,4715.827148,24584619,82.5,48398.55078,18.00724983,0.0379999995,9.743736273088466,1.754578933471371
3043,Austria,2017,0.35999999,5641.175293,8819902,81.64390564,54172.98828,20.63871193,0.035999999000000005,10.413262166456217,2.1491631810505756
3044,Belgium,2017,0.40999999,5450.47998,11419752,81.49268341,50442.26953,17.80459404,0.040999998999999995,10.805382134438629,1.923854423507485
3045,Canada,2017,0.519999981,5208.718262,36732091,81.90000153,48317.17578,15.28027534,0.0519999981,10.780262252323226,1.6472537545290746
3046,Denmark,2017,0.4,5573.279785,5732277,81.10243988,55356.67969,13.73846245,0.04,10.06794449416155,1.383180773817227
3047,Finland,2017,0.24000001,4339.097168,5511372,81.63170624,47570.13281,19.04596901,0.024000001,9.121473730861338,1.737273060035141
3048,Germany,2017,0.39000001,6028.248047,82658409,80.99268341,53071.45703,12.77696037,0.039000001,11.358738546771722,1.4513015226529367
3050,Iceland,2017,0.20999999,4762.730957,334395,82.6609726,55638.49219,16.35491562,0.020999999,8.560136641977536,1.4000031247521276
3051,Ireland,2017,0.34000001,5582.932129,4753281,82.15609741,77749.20313,12.60849857,0.034000001,7.180693697484074,0.9053776621633596
3052,Israel,2017,0.379999995,2992.02417,8243849,82.55121613,39121.29688,22.43102837,0.0379999995,7.648069999258164,1.7155407512910574
3053,Japan,2017,0.25999999,4398.024414,127502728,84.09975433,41505.08203,12.65492725,0.025999999000000003,10.59635157646742,1.34096058315618
3055,Luxembourg,2017,0.279999995,5980.637695,591914,82.09512329,114985.8438,10.69308758,0.0279999995,5.201194770899268,0.5561683120586391
3056,Malta,2017,0.65999999,3873.251465,437935,82.34634399,42644.08203,35.22463989,0.065999999,9.082740864899327,3.199362761802659
3057,Netherlands,2017,0.4,5602.590332,17021343,81.7609787,55088.63281,11.04886436,0.04,10.170138640621674,1.1236848236262365
3058,New Zealand,2017,0.519999981,3875.538574,4702029,81.65853882,42285.32031,13.57707405,0.0519999981,9.165210398284435,1.2443674026133775
3059,Norway,2017,0.25,6630.842285,5296324,82.60975647,64050.75781,14.51192474,0.025,10.352480613374961,1.502344195336065
3060,Singapore,2017,0.25999999,4091.44043,5708042,83.09512329,95350.4375,32.10845184,0.025999999000000003,4.290950872669043,1.3777578944289994
3061,Slovenia,2017,0.24000001,2998.323486,2076395,81.02926636,36507.55469,12.32816887,0.024000001,8.21288500821253,1.012498332911354
3062,South Korea,2017,0.329999995,2925.947266,51096408,82.62683105,40957.41797,32.6251297,0.0329999995,7.143876276925373,2.3306989009544345
3063,Sweden,2017,0.279999995,5655.699707,9904895,82.40975952,51947.95313,14.08661652,0.0279999995,10.887242646205104,1.5336441211728133
3064,Switzerland,2017,0.419999981,7989.641602,8455797,83.55121613,69103.57031,26.40589142,0.0419999981,11.561836191904858,3.0530059109926597
3065,United Kingdom,2017,0.44000001,4515.587402,66727463,81.25609589,46372.38672,16.73583412,0.044000001,9.737664419270589,1.6296793643713872
3066,United States,2017,0.65999999,10103.0918,325084758,78.53902435,60109.65625,11.40190506,0.065999999,16.80776838579908,1.9164057940535055
3067,World,2017,4.0,1345.745483,7548182589,72.3914032,16211.0498,18.17780876,0.4,8.301408604642,1.5090141805380075
3068,Australia,2018,0.370000005,4876.28125,24898153,82.7487793,49029.10547,17.82115936,0.0370000005,9.945686757397002,1.7724366864821366
3069,Austria,2018,0.35999999,5898.353027,8891383,81.69268036,55258.37109,19.59343338,0.035999999000000005,10.674134815507461,2.0914294939678406
3070,Belgium,2018,0.419999981,5683.120605,11482180,81.59512329,51126.66797,18.23685074,0.0419999981,11.115765667214475,2.027165593338069
3071,Canada,2018,0.50999999,5427.74707,37074558,82.04878235,48962.48047,14.98915863,0.050999999,11.08552307378638,1.6616266384950926
3072,Denmark,2018,0.39000001,5799.371094,5752131,80.95365906,56178.77344,13.76510525,0.039000001,10.323064636136706,1.420980712189747
3073,Finland,2018,0.24000001,4490.17627,5522585,81.73414612,48049.58203,18.43068314,0.024000001,9.344881017271984,1.7223254101034078
3074,Germany,2018,0.379999995,6500.015625,83124413,80.89268494,53486.83984,12.83897305,0.0379999995,12.1525512526896,1.560262780220255
3076,Iceland,2018,0.20999999,5304.017578,336712,82.86097717,56818.19531,15.86079311,0.020999999,9.33506872061192,1.4806159364525806
3077,Ireland,2018,0.329999995,5869.537598,4818694,82.20487976,83726.35938,12.02261448,0.0329999995,7.01038196508766,0.8428311972379375
3078,Israel,2018,0.370000005,3220.527832,8381507,82.80243683,39903.42188,21.44803429,0.0370000005,8.070806162150623,1.7310292731374985
3079,Japan,2018,0.25999999,4531.747559,127202190,84.21097565,41821.70703,12.99456787,0.025999999000000003,10.835874192675202,1.4080750262749937
3081,Luxembourg,2018,0.279999995,6423.08252,604244,82.29512024,115049.9297,10.47403049,0.0279999995,5.582865227948071,0.5847510061908889
3082,Malta,2018,0.65,4121.230469,439255,82.44878387,43313.50781,34.29564285,0.065,9.51488502634855,3.2631909862246276
3083,Netherlands,2018,0.40999999,6009.465332,17059560,81.81219482,56060.91406,10.79528618,0.040999998999999995,10.71952791488252,1.1572037155565547
3084,New Zealand,2018,0.5,4095.713623,4743131,81.85853577,42866.12891,12.91324902,0.05,9.554661750771094,1.233817264895763
3085,Norway,2018,0.24000001,7009.245605,5337960,82.75853729,64341.25781,13.9686327,0.024000001,10.893858534283448,1.5217230855116581
3086,Singapore,2018,0.25,4035.607178,5757503,83.29756165,98222.84375,29.07070541,0.025,4.108623843422371,1.194405933926337
3087,Slovenia,2018,0.229999995,3334.94458,2077835,81.37805176,37984.13281,11.98157787,0.0229999995,8.779836034908808,1.0519628913809194
3088,South Korea,2018,0.320000005,3232.415039,51171700,82.62683105,41965.89063,32.50151062,0.0320000005,7.702481683277456,2.503422902293977
3089,Sweden,2018,0.270000005,6077.043457,9971630,82.55854034,52349.29297,13.95882416,0.0270000005,11.608644763325826,1.6204303098717003
3090,Switzerland,2018,0.40999999,8447.555664,8525614,83.75366211,70597.28906,27.98195267,0.040999998999999995,11.965835765762193,3.3482745005455086
3091,United Kingdom,2018,0.430000019,4830.183105,67141678,81.25609589,46853.19922,16.99979401,0.0430000019,10.309185253966954,1.7525402572836775
3092,United States,2018,0.65,10515.32324,327096263,78.63902283,61585.75781,11.30358505,0.065,17.07427758288065,1.9300054882539988
3093,World,2018,3.879999924,1407.340088,7631091110,72.57398224,16607.76563,18.13634682,0.3879999924,8.473988129130406,1.5368718765847202
3094,Australia,2019,0.370000005,5294.462891,25203200,82.90000153,49309.11328,15.98108578,0.0370000005,10.737290814652429,1.7159356555376652
3095,Austria,2019,0.35999999,6134.131348,8955108,81.89511871,55833.55859,19.07191277,0.035999999000000005,10.986459582568404,2.0953279880987523
3096,Belgium,2019,0.419999981,5846.896484,11539326,81.99512482,51944.16797,18.1728878,0.0419999981,11.256117313067437,2.0455615699401197
3097,Canada,2019,0.50999999,5520.651367,37411038,82.04878235,49171.51172,14.91467953,0.050999999,11.227337077689505,1.6745213448902567
3098,Denmark,2019,0.370000005,6015.460938,5771877,81.45121765,57161.6875,14.1692524,0.0370000005,10.523588790131502,1.4911138572118388
3099,Finland,2019,0.229999995,4710.218262,5532159,81.98292542,48582.58594,17.44896507,0.0229999995,9.695281078321292,1.6917262087946017
3100,Germany,2019,0.370000005,6738.67041,83517046,81.29268646,53929.64063,12.81640053,0.0370000005,12.495300045169241,1.6014477012141608
3102,Iceland,2019,0.2,5636.412598,339037,83.163414,56935.77344,15.46228123,0.02,9.899597840608521,1.5307036587538967
3103,Ireland,2019,0.320000005,6010.066406,4882498,82.70243835,86650.00781,11.71556568,0.0320000005,6.936025232886819,0.8125945917402284
3104,Israel,2019,0.35999999,3326.25293,8519373,82.80487823,40626.21484,20.97997284,0.035999999000000005,8.187454684370492,1.7177257690682368
3105,Japan,2019,0.25,4587.034668,126860299,84.3563385,42022.48828,12.90735722,0.025,10.915666481804061,1.4089240657502566
3107,Luxembourg,2019,0.279999995,6756.881348,615730,82.63902283,116518.2734,9.622403145,0.0279999995,5.798988562767357,0.5580020578419165
3108,Malta,2019,0.65,4039.61499,440377,82.85853577,43950.61719,34.64808273,0.065,9.191258845209404,3.1845949686165973
3109,Netherlands,2019,0.40999999,6248.151855,17097123,82.11219788,56784.03906,10.57730865,0.040999998999999995,11.003359321442394,1.1638592772975076
3110,New Zealand,2019,0.49000001,4439.349609,4783062,81.70731354,42877.94141,12.24473381,0.049000000999999994,10.35345789237133,1.2677533590513057
3111,Norway,2019,0.229999995,7217.386719,5378859,82.95853424,64385.00781,13.8597908,0.0229999995,11.209731837415458,1.5536453819067788
3112,Singapore,2019,0.24000001,4102.273438,5804343,83.59512329,98411.58594,30.15112877,0.024000001,4.168486259840474,1.2568456599642581
3113,Slovenia,2019,0.229999995,3629.014404,2078654,81.52926636,38946.68359,11.66131687,0.0229999995,9.317903527302619,1.0865902559596652
3114,South Korea,2019,0.30999999,3521.326172,51225321,83.22682953,42758.58984,30.24508095,0.030999999,8.235365537489859,2.4907929733422103
3115,Sweden,2019,0.270000005,6222.65918,10036391,83.10975647,52850.57031,13.87638187,0.0270000005,11.774062500178156,1.6338138741371901
3116,Switzerland,2019,0.4,8532.496094,8591361,83.90487671,70944.35156,25.29318237,0.04,12.027026685533638,3.0420177932605896
3117,United Kingdom,2019,0.430000019,5087.381348,67530161,81.20487976,47368.58594,17.0736084,0.0430000019,10.739989904794697,1.8337038185441796
3118,United States,2019,0.64000001,10921.0127,329064917,78.78780365,62630.875,11.3115778,0.064000001,17.43710701790451,1.9724119263995281
3119,World,2019,3.770000076,1466.824707,7713468203,72.76266479,16897.17188,18.00531578,0.3770000076,8.680888834043154,1.5630214470802302
